webmaster@ville-antony.fr,ANTONY
info@ville-asnieressurseine.fr,ASNIERES SUR SEINE
contact@mairie-bagneux.fr,BAGNEUX
bois-colombes@bois-colombes.com,BOIS COLOMBES
sce.communication@mairie-boulogne-billancourt.fr,BOULOGNE BILLANCOURT
mairie@bourg-la-reine.fr,BOURG LA REINE
infos@chatenay-malabry.fr,CHATENAY MALABRY
webmaster@ville-chatillon.fr,CHATILLON
jean-levain@ville-chaville.fr,CHAVILLE
mairie@clamart.fr,CLAMART
info@ville-clichy.fr ,CLICHY LA GARENNE
courrier@mairie-colombes.fr,COLOMBES
courbevoie@ville-courbevoie.fr,COURBEVOIE
mairie@fontenay-aux-roses.fr,FONTENAY AUX ROSES
info@ville-garches.fr,GARCHES
contact@ville-gennevilliers.fr,GENNEVILLIERS
iris@ville-issy.fr,ISSY LES MOULINEAUX
infomairie@lagarennecolombes.fr,LA GARENNE COLOMBES
mairie-plessis-robinson@wanadoo.fr,LE PLESSIS ROBINSON
votre.maire@ville-levallois.fr,LEVALLOIS PERRET
mairie@ville-malakoff.fr,MALAKOFF
mairiedemarnes@wanadoo.fr,MARNES LA COQUETTE
accueil@mairie-meudon.fr,MEUDON
jean-loup.metton@ville-montrouge.fr,MONTROUGE
etat.civil@mairie-nanterre.fr,NANTERRE
accueil-standard@ville-neuillysurseine.fr,NEUILLY SUR SEINE
info@mairie-puteaux.fr,PUTEAUX
info@mairie-rueilmalmaison.fr,RUEIL MALMAISON
direction-generale@saintcloud.fr,SAINT CLOUD
sceauxinfomairie@sceaux.fr,SCEAUX
mairie@ville-sevres.fr,SEVRES
webmestre@ville-suresnes.fr,SURESNES
servicesmunicipaux@ville-vanves.fr,VANVES
mairie@mairie-vaucresson.fr,VAUCRESSON
info@mairie-villedavray.fr,VILLE D AVRAY
contact@villeneuve92.com,VILLENEUVE LA GARENNE
communication@mairie-aixenprovence.fr,AIX EN PROVENCE
info@allauch.com,ALLAUCH
mairie.alleins@wanadoo.fr,ALLEINS
lemaire@ville-arles.fr,ARLES
contact@mairie-aubagne.com,AUBAGNE
maire-mairie-aureille@wanadoo.fr,AUREILLE
mairie-auriol@wanadoo.fr,AURIOL
serrano.rm@wanadoo.fr,AURONS
contact.mairie@barbentane.fr,BARBENTANE
beaurecueil-mairie@wanadoo.fr,BEAURECUEIL
mairie@belcodene.fr,BELCODENE
s.andreoni@berre-l-etang.fr,BERRE L ETANG
com@boucbelair.com,BOUC BEL AIR
mairiedeboulbon@wanadoo.fr,BOULBON
mairiedecabannes@wanadoo.fr,CABANNES
com.mairie@cabries.fr,CABRIES
mairie-cadolive@orange.fr,CADOLIVE
m.beguelin@mairie-carnoux.fr,CARNOUX EN PROVENCE
mairie@mairie-carrylerouet.fr,CARRY LE ROUET
admingen@cassis.fr,CASSIS EN PROVENCE
mairie.de.ceyreste@wanadoo.fr,CEYRESTE
roselyne.fabulet@charleval.net,CHARLEVAL
m.dubouchet@chateauneuflerouge.fr.,CHATEAUNEUF LE ROUGE
gilbert.bonillo@chateauneuf-les-martigues.fr,CHATEAUNEUF LES MARTIGUES
maire@chateaurenard.com,CHATEAURENARD
mairiecornilloncx@yahoo.fr,CORNILLON CONFOUX
com.coudoux@free.fr,COUDOUX
mairie@cuges-les-pins.fr,CUGES LES PINS
mairie.eguilles@wanadoo.fr,EGUILLES
"",PANTIN
info@mairieeygalieres.fr,EYGALIERES
maire@mairie-eyguieres.fr,EYGUIERES
eyragues.mairie@wanadoo.fr,EYRAGUES
mairie@fontvieille.fr,FONTVIEILLE
courrier@mairie-fos-sur-mer.fr,FOS SUR MER
administration@fuveau.fr,FUVEAU
info@ville-gardanne.fr,GARDANNE
info@mairie-gemenos.fr,GEMENOS
communication@mairie-gignaclanerthe.fr,GIGNAC LA NERTHE
accueil.grans@orange.fr,GRANS
mairie-graveson@ville-graveson.fr,GRAVESON
mairie-greasque@ville-greasque.fr,GREASQUE
dgs@istres.fr,ISTRES
dgs.mairie-jouques@wanadoo.fr,JOUQUES
mairie.la-barben@wanadoo.fr,LA BARBEN
mairilab@wanadoo.fr,LA BOUILLADISSE
communication@mairie-laciotat.fr,LA CIOTAT
dgs@mairieladestrousse.com,LA DESTROUSSE
mairie.lafare@wanadoo.fr,LA FARE LES OLIVIERS
contact@mairie-lamanon.fr,LAMANON
secretariat.lambesc@wanadoo.fr,LAMBESC
dgs@lancon-provence.fr,LANCON DE PROVENCE
communication@mairie-lapennesurhuveaune.fr,LA PENNE SUR HUVEAUNE
mairie@ville-laroquedantheron.fr,LA ROQUE D ANTHERON
contact@mairie-lepuysaintereparade.fr,LE PUY SAINTE REPARADE
cabinet-maire@mairie-le-rove.fr,LE ROVE
accueil-mairie@lesbauxdeprovence.com,LES BAUX DE PROVENCE
dgs@vlpm.com,LES PENNES MIRABEAU
mairie.letholonet@wanadoo.fr,LE THOLONET
mairiedemaillane@wanadoo.fr,MAILLANE
mairie.mallemort@wanadoo.fr,MALLEMORT
contact@ville-marignane.fr,MARIGNANE
sgm-internet-direction@mairie-marseille.fr,MARSEILLE
dtian@mairie-marseille.fr,MARSEILLE SECTEUR 06
webmaster@mairiedupremiersecteur.fr,MARSEILLE SECTEUR 07
mairie-info15-16@mairie-marseille.fr,MARSEILLE SECTEUR 08
le-maire@ville-martigues.fr,MARTIGUES
mairie.mba@wanadoo.fr,MAS BLANC DES ALPILLES
mairie-maussane-les-alpilles@wanadoo.fr,MAUSSANE LES ALPILLES
meyrarguesinfosmairie@wanadoo.fr,MEYRARGUES
info@ville-meyreuil.fr,MEYREUIL
mimet.mairie@wanadoo.fr,MIMET
le.maire@mairie-miramas.fr,MIRAMAS
mairie-molleges@wanadoo.fr,MOLLEGES
dgs@mairie-mouries.fr,MOURIES
mairie.de.noves@wanadoo.fr,NOVES
mairie@orgon.fr,ORGON
mairie.paradou@wanadoo.fr,PARADOU
mairie.pelissanne@wanadoo.fr,PELISSANNE
peynier.infos@ville-peynier.fr,PEYNIER
mairie.peypin@orange.fr,PEYPIN
contact@mairie-peyrollesenprovence.fr,PEYROLLES EN PROVENCE
mairie@plandecuques.fr,PLAN DE CUQUES
mairie.de.plan.d-orgon@wanadoo.fr,PLAN D ORGON
contact@portdebouc.fr,PORT DE BOUC
cabinetdumaire@portsaintlouis.fr,PORT SAINT LOUIS DU RHONE
mairie-de-puyloubier@wanadoo.fr,PUYLOUBIER
communication@mairie-rognac.fr,ROGNAC
info@ville-rognes.fr,ROGNES
rognonas.accueil@wanadoo.fr,ROGNONAS
accueil@roquefort-labedoule.fr,ROQUEFORT LA BEDOULE
contact@ville-roquevaire.fr,ROQUEVAIRE
mairie@rousset-fr.com,ROUSSET
mairie@st-andiol.fr,SAINT ANDIOL
mairiestantonin@wanadoo.fr,SAINT ANTONIN SUR BAYON
webmestre@ville-saint-cannat.fr,SAINT CANNAT
contact@saint-chamas.com,SAINT CHAMAS
info@saintesmaries.com,SAINTES MARIES DE LA MER
saint-esteve-janson@wanadoo.fr,SAINT ESTEVE JANSON
mairie@saint-marc-jaumegarde.fr,SAINT MARC JAUMEGARDE
mairie-smc@ville-saint-martin-de-crau.fr,SAINT MARTIN DE CRAU
smi@saintmitrelesremparts.fr,SAINT MITRE LES REMPARTS
mairie@stpaul.fr,SAINT PAUL LES DURANCE
mairie.spm@wanadoo.fr,SAINT PIERRE DE MEZOARGUE
contact@mairie-saintremydeprovence.fr,SAINT REMY DE PROVENCE
mairie.stsavournin@wanadoo.fr,SAINT SAVOURNIN
contact@ville-saint-victoret.fr,SAINT VICTORET
salon.etatcivil@salon-de-provence.org,SALON DE PROVENCE
mairie-slp@ville-sausset-les-pins.fr,SAUSSET LES PINS
secretariat-maire@ville-de-senas.fr,SENAS
secretariat@ville-septemes.fr,SEPTEMES LES VALLONS
accueil.mairie@simiane-collongue.fr,SIMIANE COLLONGUE
courrier@mairie-tarascon13.fr,TARASCON
accueil@ville-de-trets.fr,TRETS
mairie-vauvenargues@wanadoo.fr,VAUVENARGUES
scecom@mairie-de-velaux.fr,VELAUX
communication@Venelles.fr,VENELLES
moyensgeneraux@ventabren.fr,VENTABREN
mairie.vernegues@wanadoo.fr,VERNEGUES
mairie-de-verquieres@wanadoo.fr,VERQUIERES
communication@ville-vitrolles13.fr,VITROLLES
secretariat-general@mairie-Aubervilliers.fr,AUBERVILLIERS
comexterne@aulnay-sous-bois.com,AULNAY SOUS BOIS
mairie@ville-bagnolet.fr,BAGNOLET
comtown@comtown.com,BOBIGNY
cab-maire@ville-bondy.fr,BONDY
webmaster@ville-clichy-sous-bois.fr,CLICHY SOUS BOIS
cabinet.maire@coubron.fr ,COUBRON
maire@drancy.fr,DRANCY
cabmaire@mairie-dugny.fr,DUGNY
communication@mairie-epinay93.fr,EPINAY SUR SEINE
info@mairie-gagny.fr,GAGNY
c.gonnet@gournay-sur-marne.fr,GOURNAY SUR MARNE
maire@ville-la-courneuve.fr,LA COURNEUVE
lemensuel@ville-blanc-mesnil.fr,LE BLANC MESNIL
service.communication@ville-lebourget.fr,LE BOURGET
communication@ville-du-pre-saint-gervais.fr,LE PRE SAINT GERVAIS
leraincy@leraincy.com,LE RAINCY
ville@leslilas.fr,LES LILAS
mairie@ville-pavillons-sous-bois.fr,LES PAVILLONS SOUS BOIS
mairie@lile-saint-denis.fr,L ILE SAINT DENIS
courriermaire@ville-de-livry-gargan.fr,LIVRY GARGAN
elus@ville-montfermeil.fr,MONTFERMEIL
site.internet@montreuil93.net,MONTREUIL
contact@mairie-neuillyplaisance.com,NEUILLY PLAISANCE
mairie.neuilly.marne@wanadoo.fr,NEUILLY SUR MARNE
mairie@ville-noisylegrand.fr,NOISY LE GRAND
maire@noisylesec.fr,NOISY LE SEC
mairie@mairie-pierrefitte-sur-seine.fr,PIERREFITTE SUR SEINE
courrier@ville-romainville.fr,ROMAINVILLE
courrier@mairie-rosny-sous-bois.fr,ROSNY SOUS BOIS
mairie.saint.denis@ville-saint-denis.fr,SAINT DENIS
etat-civil@mairie-saint-ouen.fr,SAINT OUEN
grp_accueil@ville-sevran.fr,SEVRAN
courrier@stains.fr,STAINS
services@tremblayenfrance.fr,TREMBLAY EN FRANCE
contact@ville-vaujours.fr,VAUJOURS
secretariat-general@mairie-villemomble.fr,VILLEMOMBLE
mairie@ville-villepinte.fr,VILLEPINTE
communication@mairie-villetaneuse.fr,VILLETANEUSE
